Fixture ID,Game Date,Home Team ID,Away Team ID,Home Team Goals,Away Team Goals,Venue,Home Team,Away Team,Home Team Logo,Away Team Logo
710556,2021-08-13,55.0,42.0,2.0,0.0,Brentford Community Stadium,Brentford,Arsenal,https://media.api-sports.io/football/teams/55.png,https://media.api-sports.io/football/teams/42.png
710561,2021-08-14,33.0,63.0,5.0,1.0,Old Trafford,Manchester United,Leeds,https://media.api-sports.io/football/teams/33.png,https://media.api-sports.io/football/teams/63.png
710557,2021-08-14,44.0,51.0,1.0,2.0,Turf Moor,Burnley,Brighton,https://media.api-sports.io/football/teams/44.png,https://media.api-sports.io/football/teams/51.png
710558,2021-08-14,49.0,52.0,3.0,0.0,Stamford Bridge,Chelsea,Crystal Palace,https://media.api-sports.io/football/teams/49.png,https://media.api-sports.io/football/teams/52.png
710559,2021-08-14,45.0,41.0,3.0,1.0,Goodison Park,Everton,Southampton,https://media.api-sports.io/football/teams/45.png,https://media.api-sports.io/football/teams/41.png
710560,2021-08-14,46.0,39.0,1.0,0.0,King Power Stadium,Leicester,Wolves,https://media.api-sports.io/football/teams/46.png,https://media.api-sports.io/football/teams/39.png
710565,2021-08-14,38.0,66.0,3.0,2.0,Vicarage Road,Watford,Aston Villa,https://media.api-sports.io/football/teams/38.png,https://media.api-sports.io/football/teams/66.png
710563,2021-08-14,71.0,40.0,0.0,3.0,Carrow Road,Norwich,Liverpool,https://media.api-sports.io/football/teams/71.png,https://media.api-sports.io/football/teams/40.png
710562,2021-08-15,34.0,48.0,2.0,4.0,St. James' Park,Newcastle,West Ham,https://media.api-sports.io/football/teams/34.png,https://media.api-sports.io/football/teams/48.png
710564,2021-08-15,47.0,50.0,1.0,0.0,Tottenham Hotspur Stadium,Tottenham,Manchester City,https://media.api-sports.io/football/teams/47.png,https://media.api-sports.io/football/teams/50.png
710571,2021-08-21,40.0,44.0,2.0,0.0,Anfield,Liverpool,Burnley,https://media.api-sports.io/football/teams/40.png,https://media.api-sports.io/football/teams/44.png
710567,2021-08-21,66.0,34.0,2.0,0.0,Villa Park,Aston Villa,Newcastle,https://media.api-sports.io/football/teams/66.png,https://media.api-sports.io/football/teams/34.png
710569,2021-08-21,52.0,55.0,0.0,0.0,Selhurst Park,Crystal Palace,Brentford,https://media.api-sports.io/football/teams/52.png,https://media.api-sports.io/football/teams/55.png
710570,2021-08-21,63.0,45.0,2.0,2.0,Elland Road,Leeds,Everton,https://media.api-sports.io/football/teams/63.png,https://media.api-sports.io/football/teams/45.png
710572,2021-08-21,50.0,71.0,5.0,0.0,Etihad Stadium,Manchester City,Norwich,https://media.api-sports.io/football/teams/50.png,https://media.api-sports.io/football/teams/71.png
710568,2021-08-21,51.0,38.0,2.0,0.0,The American Express Community Stadium,Brighton,Watford,https://media.api-sports.io/football/teams/51.png,https://media.api-sports.io/football/teams/38.png
710573,2021-08-22,41.0,33.0,1.0,1.0,St. Mary's Stadium,Southampton,Manchester United,https://media.api-sports.io/football/teams/41.png,https://media.api-sports.io/football/teams/33.png
710575,2021-08-22,39.0,47.0,0.0,1.0,Molineux Stadium,Wolves,Tottenham,https://media.api-sports.io/football/teams/39.png,https://media.api-sports.io/football/teams/47.png
710566,2021-08-22,42.0,49.0,0.0,2.0,Emirates Stadium,Arsenal,Chelsea,https://media.api-sports.io/football/teams/42.png,https://media.api-sports.io/football/teams/49.png
710574,2021-08-23,48.0,46.0,4.0,1.0,London Stadium,West Ham,Leicester,https://media.api-sports.io/football/teams/48.png,https://media.api-sports.io/football/teams/46.png
710580,2021-08-28,50.0,42.0,5.0,0.0,Etihad Stadium,Manchester City,Arsenal,https://media.api-sports.io/football/teams/50.png,https://media.api-sports.io/football/teams/42.png
710576,2021-08-28,66.0,55.0,1.0,1.0,Villa Park,Aston Villa,Brentford,https://media.api-sports.io/football/teams/66.png,https://media.api-sports.io/football/teams/55.png
710577,2021-08-28,51.0,45.0,0.0,2.0,The American Express Community Stadium,Brighton,Everton,https://media.api-sports.io/football/teams/51.png,https://media.api-sports.io/football/teams/45.png
710581,2021-08-28,34.0,41.0,2.0,2.0,St. James' Park,Newcastle,Southampton,https://media.api-sports.io/football/teams/34.png,https://media.api-sports.io/football/teams/41.png
710582,2021-08-28,71.0,46.0,1.0,2.0,Carrow Road,Norwich,Leicester,https://media.api-sports.io/football/teams/71.png,https://media.api-sports.io/football/teams/46.png
710584,2021-08-28,48.0,52.0,2.0,2.0,London Stadium,West Ham,Crystal Palace,https://media.api-sports.io/football/teams/48.png,https://media.api-sports.io/football/teams/52.png
710579,2021-08-28,40.0,49.0,1.0,1.0,Anfield,Liverpool,Chelsea,https://media.api-sports.io/football/teams/40.png,https://media.api-sports.io/football/teams/49.png
710578,2021-08-29,44.0,63.0,1.0,1.0,Turf Moor,Burnley,Leeds,https://media.api-sports.io/football/teams/44.png,https://media.api-sports.io/football/teams/63.png
710583,2021-08-29,47.0,38.0,1.0,0.0,Tottenham Hotspur Stadium,Tottenham,Watford,https://media.api-sports.io/football/teams/47.png,https://media.api-sports.io/football/teams/38.png
710585,2021-08-29,39.0,33.0,0.0,1.0,Molineux Stadium,Wolves,Manchester United,https://media.api-sports.io/football/teams/39.png,https://media.api-sports.io/football/teams/33.png
710589,2021-09-11,52.0,47.0,3.0,0.0,Selhurst Park,Crystal Palace,Tottenham,https://media.api-sports.io/football/teams/52.png,https://media.api-sports.io/football/teams/47.png
710586,2021-09-11,42.0,71.0,1.0,0.0,Emirates Stadium,Arsenal,Norwich,https://media.api-sports.io/football/teams/42.png,https://media.api-sports.io/football/teams/71.png
710587,2021-09-11,55.0,51.0,0.0,1.0,Brentford Community Stadium,Brentford,Brighton,https://media.api-sports.io/football/teams/55.png,https://media.api-sports.io/football/teams/51.png
710592,2021-09-11,46.0,50.0,0.0,1.0,King Power Stadium,Leicester,Manchester City,https://media.api-sports.io/football/teams/46.png,https://media.api-sports.io/football/teams/50.png
710593,2021-09-11,33.0,34.0,4.0,1.0,Old Trafford,Manchester United,Newcastle,https://media.api-sports.io/football/teams/33.png,https://media.api-sports.io/football/teams/34.png
710594,2021-09-11,41.0,48.0,0.0,0.0,St. Mary's Stadium,Southampton,West Ham,https://media.api-sports.io/football/teams/41.png,https://media.api-sports.io/football/teams/48.png
710595,2021-09-11,38.0,39.0,0.0,2.0,Vicarage Road,Watford,Wolves,https://media.api-sports.io/football/teams/38.png,https://media.api-sports.io/football/teams/39.png
710588,2021-09-11,49.0,66.0,3.0,0.0,Stamford Bridge,Chelsea,Aston Villa,https://media.api-sports.io/football/teams/49.png,https://media.api-sports.io/football/teams/66.png
710591,2021-09-12,63.0,40.0,0.0,3.0,Elland Road,Leeds,Liverpool,https://media.api-sports.io/football/teams/63.png,https://media.api-sports.io/football/teams/40.png
710590,2021-09-13,45.0,44.0,3.0,1.0,Goodison Park,Everton,Burnley,https://media.api-sports.io/football/teams/45.png,https://media.api-sports.io/football/teams/44.png
710601,2021-09-17,34.0,63.0,1.0,1.0,St. James' Park,Newcastle,Leeds,https://media.api-sports.io/football/teams/34.png,https://media.api-sports.io/football/teams/63.png
710605,2021-09-18,39.0,55.0,0.0,2.0,Molineux Stadium,Wolves,Brentford,https://media.api-sports.io/football/teams/39.png,https://media.api-sports.io/football/teams/55.png
710598,2021-09-18,44.0,42.0,0.0,1.0,Turf Moor,Burnley,Arsenal,https://media.api-sports.io/football/teams/44.png,https://media.api-sports.io/football/teams/42.png
710599,2021-09-18,40.0,52.0,3.0,0.0,Anfield,Liverpool,Crystal Palace,https://media.api-sports.io/football/teams/40.png,https://media.api-sports.io/football/teams/52.png
710600,2021-09-18,50.0,41.0,0.0,0.0,Etihad Stadium,Manchester City,Southampton,https://media.api-sports.io/football/teams/50.png,https://media.api-sports.io/football/teams/41.png
710602,2021-09-18,71.0,38.0,1.0,3.0,Carrow Road,Norwich,Watford,https://media.api-sports.io/football/teams/71.png,https://media.api-sports.io/football/teams/38.png
710596,2021-09-18,66.0,45.0,3.0,0.0,Villa Park,Aston Villa,Everton,https://media.api-sports.io/football/teams/66.png,https://media.api-sports.io/football/teams/45.png
710597,2021-09-19,51.0,46.0,2.0,1.0,The American Express Community Stadium,Brighton,Leicester,https://media.api-sports.io/football/teams/51.png,https://media.api-sports.io/football/teams/46.png
710604,2021-09-19,48.0,33.0,1.0,2.0,London Stadium,West Ham,Manchester United,https://media.api-sports.io/football/teams/48.png,https://media.api-sports.io/football/teams/33.png
710603,2021-09-19,47.0,49.0,0.0,3.0,Tottenham Hotspur Stadium,Tottenham,Chelsea,https://media.api-sports.io/football/teams/47.png,https://media.api-sports.io/football/teams/49.png
710608,2021-09-25,49.0,50.0,0.0,1.0,Stamford Bridge,Chelsea,Manchester City,https://media.api-sports.io/football/teams/49.png,https://media.api-sports.io/football/teams/50.png
710613,2021-09-25,33.0,66.0,0.0,1.0,Old Trafford,Manchester United,Aston Villa,https://media.api-sports.io/football/teams/33.png,https://media.api-sports.io/football/teams/66.png
710610,2021-09-25,45.0,71.0,2.0,0.0,Goodison Park,Everton,Norwich,https://media.api-sports.io/football/teams/45.png,https://media.api-sports.io/football/teams/71.png
710611,2021-09-25,63.0,48.0,1.0,2.0,Elland Road,Leeds,West Ham,https://media.api-sports.io/football/teams/63.png,https://media.api-sports.io/football/teams/48.png
710612,2021-09-25,46.0,44.0,2.0,2.0,King Power Stadium,Leicester,Burnley,https://media.api-sports.io/football/teams/46.png,https://media.api-sports.io/football/teams/44.png
710615,2021-09-25,38.0,34.0,1.0,1.0,Vicarage Road,Watford,Newcastle,https://media.api-sports.io/football/teams/38.png,https://media.api-sports.io/football/teams/34.png
710607,2021-09-25,55.0,40.0,3.0,3.0,Brentford Community Stadium,Brentford,Liverpool,https://media.api-sports.io/football/teams/55.png,https://media.api-sports.io/football/teams/40.png
710614,2021-09-26,41.0,39.0,0.0,1.0,St. Mary's Stadium,Southampton,Wolves,https://media.api-sports.io/football/teams/41.png,https://media.api-sports.io/football/teams/39.png
710606,2021-09-26,42.0,47.0,3.0,1.0,Emirates Stadium,Arsenal,Tottenham,https://media.api-sports.io/football/teams/42.png,https://media.api-sports.io/football/teams/47.png
710609,2021-09-27,52.0,51.0,1.0,1.0,Selhurst Park,Crystal Palace,Brighton,https://media.api-sports.io/football/teams/52.png,https://media.api-sports.io/football/teams/51.png
710622,2021-10-02,33.0,45.0,1.0,1.0,Old Trafford,Manchester United,Everton,https://media.api-sports.io/football/teams/33.png,https://media.api-sports.io/football/teams/45.png
710617,2021-10-02,44.0,71.0,0.0,0.0,Turf Moor,Burnley,Norwich,https://media.api-sports.io/football/teams/44.png,https://media.api-sports.io/football/teams/71.png
710618,2021-10-02,49.0,41.0,3.0,1.0,Stamford Bridge,Chelsea,Southampton,https://media.api-sports.io/football/teams/49.png,https://media.api-sports.io/football/teams/41.png
710620,2021-10-02,63.0,38.0,1.0,0.0,Elland Road,Leeds,Watford,https://media.api-sports.io/football/teams/63.png,https://media.api-sports.io/football/teams/38.png
710625,2021-10-02,39.0,34.0,2.0,1.0,Molineux Stadium,Wolves,Newcastle,https://media.api-sports.io/football/teams/39.png,https://media.api-sports.io/football/teams/34.png
710616,2021-10-02,51.0,42.0,0.0,0.0,The American Express Community Stadium,Brighton,Arsenal,https://media.api-sports.io/football/teams/51.png,https://media.api-sports.io/football/teams/42.png
710619,2021-10-03,52.0,46.0,2.0,2.0,Selhurst Park,Crystal Palace,Leicester,https://media.api-sports.io/football/teams/52.png,https://media.api-sports.io/football/teams/46.png
710623,2021-10-03,47.0,66.0,2.0,1.0,Tottenham Hotspur Stadium,Tottenham,Aston Villa,https://media.api-sports.io/football/teams/47.png,https://media.api-sports.io/football/teams/66.png
710624,2021-10-03,48.0,55.0,1.0,2.0,London Stadium,West Ham,Brentford,https://media.api-sports.io/football/teams/48.png,https://media.api-sports.io/football/teams/55.png
710621,2021-10-03,40.0,50.0,2.0,2.0,Anfield,Liverpool,Manchester City,https://media.api-sports.io/football/teams/40.png,https://media.api-sports.io/football/teams/50.png
710635,2021-10-16,38.0,40.0,0.0,5.0,Vicarage Road,Watford,Liverpool,https://media.api-sports.io/football/teams/38.png,https://media.api-sports.io/football/teams/40.png
710627,2021-10-16,66.0,39.0,2.0,3.0,Villa Park,Aston Villa,Wolves,https://media.api-sports.io/football/teams/66.png,https://media.api-sports.io/football/teams/39.png
710630,2021-10-16,46.0,33.0,4.0,2.0,King Power Stadium,Leicester,Manchester United,https://media.api-sports.io/football/teams/46.png,https://media.api-sports.io/football/teams/33.png
710631,2021-10-16,50.0,44.0,2.0,0.0,Etihad Stadium,Manchester City,Burnley,https://media.api-sports.io/football/teams/50.png,https://media.api-sports.io/football/teams/44.png
710633,2021-10-16,71.0,51.0,0.0,0.0,Carrow Road,Norwich,Brighton,https://media.api-sports.io/football/teams/71.png,https://media.api-sports.io/football/teams/51.png
710634,2021-10-16,41.0,63.0,1.0,0.0,St. Mary's Stadium,Southampton,Leeds,https://media.api-sports.io/football/teams/41.png,https://media.api-sports.io/football/teams/63.png
710628,2021-10-16,55.0,49.0,0.0,1.0,Brentford Community Stadium,Brentford,Chelsea,https://media.api-sports.io/football/teams/55.png,https://media.api-sports.io/football/teams/49.png
710629,2021-10-17,45.0,48.0,0.0,1.0,Goodison Park,Everton,West Ham,https://media.api-sports.io/football/teams/45.png,https://media.api-sports.io/football/teams/48.png
710632,2021-10-17,34.0,47.0,2.0,3.0,St. James' Park,Newcastle,Tottenham,https://media.api-sports.io/football/teams/34.png,https://media.api-sports.io/football/teams/47.png
710626,2021-10-18,42.0,52.0,2.0,2.0,Emirates Stadium,Arsenal,Crystal Palace,https://media.api-sports.io/football/teams/42.png,https://media.api-sports.io/football/teams/52.png
710636,2021-10-22,42.0,66.0,3.0,1.0,Emirates Stadium,Arsenal,Aston Villa,https://media.api-sports.io/football/teams/42.png,https://media.api-sports.io/football/teams/66.png
710639,2021-10-23,49.0,71.0,7.0,0.0,Stamford Bridge,Chelsea,Norwich,https://media.api-sports.io/football/teams/49.png,https://media.api-sports.io/football/teams/71.png
710640,2021-10-23,52.0,34.0,1.0,1.0,Selhurst Park,Crystal Palace,Newcastle,https://media.api-sports.io/football/teams/52.png,https://media.api-sports.io/football/teams/34.png
710641,2021-10-23,45.0,38.0,2.0,5.0,Goodison Park,Everton,Watford,https://media.api-sports.io/football/teams/45.png,https://media.api-sports.io/football/teams/38.png
710642,2021-10-23,63.0,39.0,1.0,1.0,Elland Road,Leeds,Wolves,https://media.api-sports.io/football/teams/63.png,https://media.api-sports.io/football/teams/39.png
710644,2021-10-23,41.0,44.0,2.0,2.0,St. Mary's Stadium,Southampton,Burnley,https://media.api-sports.io/football/teams/41.png,https://media.api-sports.io/football/teams/44.png
710638,2021-10-23,51.0,50.0,1.0,4.0,The American Express Community Stadium,Brighton,Manchester City,https://media.api-sports.io/football/teams/51.png,https://media.api-sports.io/football/teams/50.png
710637,2021-10-24,55.0,46.0,1.0,2.0,Brentford Community Stadium,Brentford,Leicester,https://media.api-sports.io/football/teams/55.png,https://media.api-sports.io/football/teams/46.png
710645,2021-10-24,48.0,47.0,1.0,0.0,London Stadium,West Ham,Tottenham,https://media.api-sports.io/football/teams/48.png,https://media.api-sports.io/football/teams/47.png
710643,2021-10-24,33.0,40.0,0.0,5.0,Old Trafford,Manchester United,Liverpool,https://media.api-sports.io/football/teams/33.png,https://media.api-sports.io/football/teams/40.png
710648,2021-10-30,46.0,42.0,0.0,2.0,King Power Stadium,Leicester,Arsenal,https://media.api-sports.io/football/teams/46.png,https://media.api-sports.io/football/teams/42.png
710647,2021-10-30,44.0,55.0,3.0,1.0,Turf Moor,Burnley,Brentford,https://media.api-sports.io/football/teams/44.png,https://media.api-sports.io/football/teams/55.png
710649,2021-10-30,40.0,51.0,2.0,2.0,Anfield,Liverpool,Brighton,https://media.api-sports.io/football/teams/40.png,https://media.api-sports.io/football/teams/51.png
710650,2021-10-30,50.0,52.0,0.0,2.0,Etihad Stadium,Manchester City,Crystal Palace,https://media.api-sports.io/football/teams/50.png,https://media.api-sports.io/football/teams/52.png
710651,2021-10-30,34.0,49.0,0.0,3.0,St. James' Park,Newcastle,Chelsea,https://media.api-sports.io/football/teams/34.png,https://media.api-sports.io/football/teams/49.png
710654,2021-10-30,38.0,41.0,0.0,1.0,Vicarage Road,Watford,Southampton,https://media.api-sports.io/football/teams/38.png,https://media.api-sports.io/football/teams/41.png
710653,2021-10-30,47.0,33.0,0.0,3.0,Tottenham Hotspur Stadium,Tottenham,Manchester United,https://media.api-sports.io/football/teams/47.png,https://media.api-sports.io/football/teams/33.png
710652,2021-10-31,71.0,63.0,1.0,2.0,Carrow Road,Norwich,Leeds,https://media.api-sports.io/football/teams/71.png,https://media.api-sports.io/football/teams/63.png
710646,2021-10-31,66.0,48.0,1.0,4.0,Villa Park,Aston Villa,West Ham,https://media.api-sports.io/football/teams/66.png,https://media.api-sports.io/football/teams/48.png
710655,2021-11-01,39.0,45.0,2.0,1.0,Molineux Stadium,Wolves,Everton,https://media.api-sports.io/football/teams/39.png,https://media.api-sports.io/football/teams/45.png
710664,2021-11-05,41.0,66.0,1.0,0.0,St. Mary's Stadium,Southampton,Aston Villa,https://media.api-sports.io/football/teams/41.png,https://media.api-sports.io/football/teams/66.png
710663,2021-11-06,33.0,50.0,0.0,2.0,Old Trafford,Manchester United,Manchester City,https://media.api-sports.io/football/teams/33.png,https://media.api-sports.io/football/teams/50.png
710657,2021-11-06,55.0,71.0,1.0,2.0,Brentford Community Stadium,Brentford,Norwich,https://media.api-sports.io/football/teams/55.png,https://media.api-sports.io/football/teams/71.png
710659,2021-11-06,49.0,44.0,1.0,1.0,Stamford Bridge,Chelsea,Burnley,https://media.api-sports.io/football/teams/49.png,https://media.api-sports.io/football/teams/44.png
710660,2021-11-06,52.0,39.0,2.0,0.0,Selhurst Park,Crystal Palace,Wolves,https://media.api-sports.io/football/teams/52.png,https://media.api-sports.io/football/teams/39.png
710658,2021-11-06,51.0,34.0,1.0,1.0,The American Express Community Stadium,Brighton,Newcastle,https://media.api-sports.io/football/teams/51.png,https://media.api-sports.io/football/teams/34.png
710656,2021-11-07,42.0,38.0,1.0,0.0,Emirates Stadium,Arsenal,Watford,https://media.api-sports.io/football/teams/42.png,https://media.api-sports.io/football/teams/38.png
710661,2021-11-07,45.0,47.0,0.0,0.0,Goodison Park,Everton,Tottenham,https://media.api-sports.io/football/teams/45.png,https://media.api-sports.io/football/teams/47.png
710662,2021-11-07,63.0,46.0,1.0,1.0,Elland Road,Leeds,Leicester,https://media.api-sports.io/football/teams/63.png,https://media.api-sports.io/football/teams/46.png
710665,2021-11-07,48.0,40.0,3.0,2.0,London Stadium,West Ham,Liverpool,https://media.api-sports.io/football/teams/48.png,https://media.api-sports.io/football/teams/40.png
710668,2021-11-20,46.0,49.0,0.0,3.0,King Power Stadium,Leicester,Chelsea,https://media.api-sports.io/football/teams/46.png,https://media.api-sports.io/football/teams/49.png
710666,2021-11-20,66.0,51.0,2.0,0.0,Villa Park,Aston Villa,Brighton,https://media.api-sports.io/football/teams/66.png,https://media.api-sports.io/football/teams/51.png
710667,2021-11-20,44.0,52.0,3.0,3.0,Turf Moor,Burnley,Crystal Palace,https://media.api-sports.io/football/teams/44.png,https://media.api-sports.io/football/teams/52.png
710671,2021-11-20,34.0,55.0,3.0,3.0,St. James' Park,Newcastle,Brentford,https://media.api-sports.io/football/teams/34.png,https://media.api-sports.io/football/teams/55.png
710672,2021-11-20,71.0,41.0,2.0,1.0,Carrow Road,Norwich,Southampton,https://media.api-sports.io/football/teams/71.png,https://media.api-sports.io/football/teams/41.png
710674,2021-11-20,38.0,33.0,4.0,1.0,Vicarage Road,Watford,Manchester United,https://media.api-sports.io/football/teams/38.png,https://media.api-sports.io/football/teams/33.png
710675,2021-11-20,39.0,48.0,1.0,0.0,Molineux Stadium,Wolves,West Ham,https://media.api-sports.io/football/teams/39.png,https://media.api-sports.io/football/teams/48.png
710669,2021-11-20,40.0,42.0,4.0,0.0,Anfield,Liverpool,Arsenal,https://media.api-sports.io/football/teams/40.png,https://media.api-sports.io/football/teams/42.png
710670,2021-11-21,50.0,45.0,3.0,0.0,Etihad Stadium,Manchester City,Everton,https://media.api-sports.io/football/teams/50.png,https://media.api-sports.io/football/teams/45.png
710673,2021-11-21,47.0,63.0,2.0,1.0,Tottenham Hotspur Stadium,Tottenham,Leeds,https://media.api-sports.io/football/teams/47.png,https://media.api-sports.io/football/teams/63.png
710676,2021-11-27,42.0,34.0,2.0,0.0,Emirates Stadium,Arsenal,Newcastle,https://media.api-sports.io/football/teams/42.png,https://media.api-sports.io/football/teams/34.png
710681,2021-11-27,52.0,66.0,1.0,2.0,Selhurst Park,Crystal Palace,Aston Villa,https://media.api-sports.io/football/teams/52.png,https://media.api-sports.io/football/teams/66.png
710683,2021-11-27,40.0,41.0,4.0,0.0,Anfield,Liverpool,Southampton,https://media.api-sports.io/football/teams/40.png,https://media.api-sports.io/football/teams/41.png
710685,2021-11-27,71.0,39.0,0.0,0.0,Carrow Road,Norwich,Wolves,https://media.api-sports.io/football/teams/71.png,https://media.api-sports.io/football/teams/39.png
710678,2021-11-27,51.0,63.0,0.0,0.0,The American Express Community Stadium,Brighton,Leeds,https://media.api-sports.io/football/teams/51.png,https://media.api-sports.io/football/teams/63.png
710677,2021-11-28,55.0,45.0,1.0,0.0,Brentford Community Stadium,Brentford,Everton,https://media.api-sports.io/football/teams/55.png,https://media.api-sports.io/football/teams/45.png
710682,2021-11-28,46.0,38.0,4.0,2.0,King Power Stadium,Leicester,Watford,https://media.api-sports.io/football/teams/46.png,https://media.api-sports.io/football/teams/38.png
710684,2021-11-28,50.0,48.0,2.0,1.0,Etihad Stadium,Manchester City,West Ham,https://media.api-sports.io/football/teams/50.png,https://media.api-sports.io/football/teams/48.png
710680,2021-11-28,49.0,33.0,1.0,1.0,Stamford Bridge,Chelsea,Manchester United,https://media.api-sports.io/football/teams/49.png,https://media.api-sports.io/football/teams/33.png
710693,2021-11-30,34.0,71.0,1.0,1.0,St. James' Park,Newcastle,Norwich,https://media.api-sports.io/football/teams/34.png,https://media.api-sports.io/football/teams/71.png
710688,2021-11-30,63.0,52.0,1.0,0.0,Elland Road,Leeds,Crystal Palace,https://media.api-sports.io/football/teams/63.png,https://media.api-sports.io/football/teams/52.png
710689,2021-12-01,38.0,49.0,1.0,2.0,Vicarage Road,Watford,Chelsea,https://media.api-sports.io/football/teams/38.png,https://media.api-sports.io/football/teams/49.png
710690,2021-12-01,48.0,51.0,1.0,1.0,London Stadium,West Ham,Brighton,https://media.api-sports.io/football/teams/48.png,https://media.api-sports.io/football/teams/51.png
710691,2021-12-01,39.0,44.0,0.0,0.0,Molineux Stadium,Wolves,Burnley,https://media.api-sports.io/football/teams/39.png,https://media.api-sports.io/football/teams/44.png
710694,2021-12-01,41.0,46.0,2.0,2.0,St. Mary's Stadium,Southampton,Leicester,https://media.api-sports.io/football/teams/41.png,https://media.api-sports.io/football/teams/46.png
710686,2021-12-01,66.0,50.0,1.0,2.0,Villa Park,Aston Villa,Manchester City,https://media.api-sports.io/football/teams/66.png,https://media.api-sports.io/football/teams/50.png
710687,2021-12-01,45.0,40.0,1.0,4.0,Goodison Park,Everton,Liverpool,https://media.api-sports.io/football/teams/45.png,https://media.api-sports.io/football/teams/40.png
710695,2021-12-02,47.0,55.0,2.0,0.0,Tottenham Hotspur Stadium,Tottenham,Brentford,https://media.api-sports.io/football/teams/47.png,https://media.api-sports.io/football/teams/55.png
710692,2021-12-02,33.0,42.0,3.0,2.0,Old Trafford,Manchester United,Arsenal,https://media.api-sports.io/football/teams/33.png,https://media.api-sports.io/football/teams/42.png
710704,2021-12-04,48.0,49.0,3.0,2.0,London Stadium,West Ham,Chelsea,https://media.api-sports.io/football/teams/48.png,https://media.api-sports.io/football/teams/49.png
710700,2021-12-04,34.0,44.0,1.0,0.0,St. James' Park,Newcastle,Burnley,https://media.api-sports.io/football/teams/34.png,https://media.api-sports.io/football/teams/44.png
710701,2021-12-04,41.0,51.0,1.0,1.0,St. Mary's Stadium,Southampton,Brighton,https://media.api-sports.io/football/teams/41.png,https://media.api-sports.io/football/teams/51.png
710705,2021-12-04,39.0,40.0,0.0,1.0,Molineux Stadium,Wolves,Liverpool,https://media.api-sports.io/football/teams/39.png,https://media.api-sports.io/football/teams/40.png
710703,2021-12-04,38.0,50.0,1.0,3.0,Vicarage Road,Watford,Manchester City,https://media.api-sports.io/football/teams/38.png,https://media.api-sports.io/football/teams/50.png
710698,2021-12-05,63.0,55.0,2.0,2.0,Elland Road,Leeds,Brentford,https://media.api-sports.io/football/teams/63.png,https://media.api-sports.io/football/teams/55.png
710699,2021-12-05,33.0,52.0,1.0,0.0,Old Trafford,Manchester United,Crystal Palace,https://media.api-sports.io/football/teams/33.png,https://media.api-sports.io/football/teams/52.png
710702,2021-12-05,47.0,71.0,3.0,0.0,Tottenham Hotspur Stadium,Tottenham,Norwich,https://media.api-sports.io/football/teams/47.png,https://media.api-sports.io/football/teams/71.png
710696,2021-12-05,66.0,46.0,2.0,1.0,Villa Park,Aston Villa,Leicester,https://media.api-sports.io/football/teams/66.png,https://media.api-sports.io/football/teams/46.png
710697,2021-12-06,45.0,42.0,2.0,1.0,Goodison Park,Everton,Arsenal,https://media.api-sports.io/football/teams/45.png,https://media.api-sports.io/football/teams/42.png
710707,2021-12-10,55.0,38.0,2.0,1.0,Brentford Community Stadium,Brentford,Watford,https://media.api-sports.io/football/teams/55.png,https://media.api-sports.io/football/teams/38.png
710714,2021-12-11,50.0,39.0,1.0,0.0,Etihad Stadium,Manchester City,Wolves,https://media.api-sports.io/football/teams/50.png,https://media.api-sports.io/football/teams/39.png
710706,2021-12-11,42.0,41.0,3.0,0.0,Emirates Stadium,Arsenal,Southampton,https://media.api-sports.io/football/teams/42.png,https://media.api-sports.io/football/teams/41.png
710710,2021-12-11,49.0,63.0,3.0,2.0,Stamford Bridge,Chelsea,Leeds,https://media.api-sports.io/football/teams/49.png,https://media.api-sports.io/football/teams/63.png
710713,2021-12-11,40.0,66.0,1.0,0.0,Anfield,Liverpool,Aston Villa,https://media.api-sports.io/football/teams/40.png,https://media.api-sports.io/football/teams/66.png
710715,2021-12-11,71.0,33.0,0.0,1.0,Carrow Road,Norwich,Manchester United,https://media.api-sports.io/football/teams/71.png,https://media.api-sports.io/football/teams/33.png
710708,2021-12-12,51.0,47.0,,,The American Express Community Stadium,Brighton,Tottenham,https://media.api-sports.io/football/teams/51.png,https://media.api-sports.io/football/teams/47.png
710709,2021-12-12,44.0,48.0,0.0,0.0,Turf Moor,Burnley,West Ham,https://media.api-sports.io/football/teams/44.png,https://media.api-sports.io/football/teams/48.png
710712,2021-12-12,46.0,34.0,4.0,0.0,King Power Stadium,Leicester,Newcastle,https://media.api-sports.io/football/teams/46.png,https://media.api-sports.io/football/teams/34.png
710711,2021-12-12,52.0,45.0,3.0,1.0,Selhurst Park,Crystal Palace,Everton,https://media.api-sports.io/football/teams/52.png,https://media.api-sports.io/football/teams/45.png
710721,2021-12-14,71.0,66.0,0.0,2.0,Carrow Road,Norwich,Aston Villa,https://media.api-sports.io/football/teams/71.png,https://media.api-sports.io/football/teams/66.png
710725,2021-12-14,50.0,63.0,7.0,0.0,Etihad Stadium,Manchester City,Leeds,https://media.api-sports.io/football/teams/50.png,https://media.api-sports.io/football/teams/63.png
710718,2021-12-15,51.0,39.0,0.0,1.0,The American Express Community Stadium,Brighton,Wolves,https://media.api-sports.io/football/teams/51.png,https://media.api-sports.io/football/teams/39.png
710722,2021-12-15,52.0,41.0,2.0,2.0,Selhurst Park,Crystal Palace,Southampton,https://media.api-sports.io/football/teams/52.png,https://media.api-sports.io/football/teams/41.png
710716,2021-12-15,42.0,48.0,2.0,0.0,Emirates Stadium,Arsenal,West Ham,https://media.api-sports.io/football/teams/42.png,https://media.api-sports.io/football/teams/48.png
710723,2021-12-16,49.0,45.0,1.0,1.0,Stamford Bridge,Chelsea,Everton,https://media.api-sports.io/football/teams/49.png,https://media.api-sports.io/football/teams/45.png
710724,2021-12-16,40.0,34.0,3.0,1.0,Anfield,Liverpool,Newcastle,https://media.api-sports.io/football/teams/40.png,https://media.api-sports.io/football/teams/34.png
710726,2021-12-18,66.0,44.0,,,Villa Park,Aston Villa,Burnley,https://media.api-sports.io/football/teams/66.png,https://media.api-sports.io/football/teams/44.png
710728,2021-12-18,63.0,42.0,1.0,4.0,Elland Road,Leeds,Arsenal,https://media.api-sports.io/football/teams/63.png,https://media.api-sports.io/football/teams/42.png
710730,2021-12-19,34.0,50.0,0.0,4.0,St. James' Park,Newcastle,Manchester City,https://media.api-sports.io/football/teams/34.png,https://media.api-sports.io/football/teams/50.png
710735,2021-12-19,39.0,49.0,0.0,0.0,Molineux Stadium,Wolves,Chelsea,https://media.api-sports.io/football/teams/39.png,https://media.api-sports.io/football/teams/49.png
710732,2021-12-19,47.0,40.0,2.0,2.0,Tottenham Hotspur Stadium,Tottenham,Liverpool,https://media.api-sports.io/football/teams/47.png,https://media.api-sports.io/football/teams/40.png
710745,2021-12-26,39.0,38.0,,,Molineux Stadium,Wolves,Watford,https://media.api-sports.io/football/teams/39.png,https://media.api-sports.io/football/teams/38.png
710738,2021-12-26,44.0,45.0,,,Turf Moor,Burnley,Everton,https://media.api-sports.io/football/teams/44.png,https://media.api-sports.io/football/teams/45.png
710740,2021-12-26,50.0,46.0,6.0,3.0,Etihad Stadium,Manchester City,Leicester,https://media.api-sports.io/football/teams/50.png,https://media.api-sports.io/football/teams/46.png
710742,2021-12-26,71.0,42.0,0.0,5.0,Carrow Road,Norwich,Arsenal,https://media.api-sports.io/football/teams/71.png,https://media.api-sports.io/football/teams/42.png
710743,2021-12-26,47.0,52.0,3.0,0.0,Tottenham Hotspur Stadium,Tottenham,Crystal Palace,https://media.api-sports.io/football/teams/47.png,https://media.api-sports.io/football/teams/52.png
710744,2021-12-26,48.0,41.0,2.0,3.0,London Stadium,West Ham,Southampton,https://media.api-sports.io/football/teams/48.png,https://media.api-sports.io/football/teams/41.png
710736,2021-12-26,66.0,49.0,1.0,3.0,Villa Park,Aston Villa,Chelsea,https://media.api-sports.io/football/teams/66.png,https://media.api-sports.io/football/teams/49.png
710737,2021-12-26,51.0,55.0,2.0,0.0,The American Express Community Stadium,Brighton,Brentford,https://media.api-sports.io/football/teams/51.png,https://media.api-sports.io/football/teams/55.png
710741,2021-12-27,34.0,33.0,1.0,1.0,St. James' Park,Newcastle,Manchester United,https://media.api-sports.io/football/teams/34.png,https://media.api-sports.io/football/teams/33.png
710749,2021-12-28,52.0,71.0,3.0,0.0,Selhurst Park,Crystal Palace,Norwich,https://media.api-sports.io/football/teams/52.png,https://media.api-sports.io/football/teams/71.png
710754,2021-12-28,41.0,47.0,1.0,1.0,St. Mary's Stadium,Southampton,Tottenham,https://media.api-sports.io/football/teams/41.png,https://media.api-sports.io/football/teams/47.png
710755,2021-12-28,38.0,48.0,1.0,4.0,Vicarage Road,Watford,West Ham,https://media.api-sports.io/football/teams/38.png,https://media.api-sports.io/football/teams/48.png
710751,2021-12-28,63.0,66.0,,,Elland Road,Leeds,Aston Villa,https://media.api-sports.io/football/teams/63.png,https://media.api-sports.io/football/teams/66.png
710752,2021-12-28,46.0,40.0,1.0,0.0,King Power Stadium,Leicester,Liverpool,https://media.api-sports.io/football/teams/46.png,https://media.api-sports.io/football/teams/40.png
710748,2021-12-29,49.0,51.0,1.0,1.0,Stamford Bridge,Chelsea,Brighton,https://media.api-sports.io/football/teams/49.png,https://media.api-sports.io/football/teams/51.png
710747,2021-12-29,55.0,50.0,0.0,1.0,Brentford Community Stadium,Brentford,Manchester City,https://media.api-sports.io/football/teams/55.png,https://media.api-sports.io/football/teams/50.png
710750,2021-12-30,45.0,34.0,,,Goodison Park,Everton,Newcastle,https://media.api-sports.io/football/teams/45.png,https://media.api-sports.io/football/teams/34.png
710753,2021-12-30,33.0,44.0,3.0,1.0,Old Trafford,Manchester United,Burnley,https://media.api-sports.io/football/teams/33.png,https://media.api-sports.io/football/teams/44.png
710756,2022-01-01,42.0,50.0,1.0,2.0,Emirates Stadium,Arsenal,Manchester City,https://media.api-sports.io/football/teams/42.png,https://media.api-sports.io/football/teams/50.png
710762,2022-01-01,46.0,71.0,,,King Power Stadium,Leicester,Norwich,https://media.api-sports.io/football/teams/46.png,https://media.api-sports.io/football/teams/71.png
710765,2022-01-01,38.0,47.0,0.0,1.0,Vicarage Road,Watford,Tottenham,https://media.api-sports.io/football/teams/38.png,https://media.api-sports.io/football/teams/47.png
710759,2022-01-01,52.0,48.0,2.0,3.0,Selhurst Park,Crystal Palace,West Ham,https://media.api-sports.io/football/teams/52.png,https://media.api-sports.io/football/teams/48.png
710757,2022-01-02,55.0,66.0,2.0,1.0,Brentford Community Stadium,Brentford,Aston Villa,https://media.api-sports.io/football/teams/55.png,https://media.api-sports.io/football/teams/66.png
710760,2022-01-02,45.0,51.0,2.0,3.0,Goodison Park,Everton,Brighton,https://media.api-sports.io/football/teams/45.png,https://media.api-sports.io/football/teams/51.png
710761,2022-01-02,63.0,44.0,3.0,1.0,Elland Road,Leeds,Burnley,https://media.api-sports.io/football/teams/63.png,https://media.api-sports.io/football/teams/44.png
710764,2022-01-02,41.0,34.0,,,St. Mary's Stadium,Southampton,Newcastle,https://media.api-sports.io/football/teams/41.png,https://media.api-sports.io/football/teams/34.png
710758,2022-01-02,49.0,40.0,2.0,2.0,Stamford Bridge,Chelsea,Liverpool,https://media.api-sports.io/football/teams/49.png,https://media.api-sports.io/football/teams/40.png
710763,2022-01-03,33.0,39.0,0.0,1.0,Old Trafford,Manchester United,Wolves,https://media.api-sports.io/football/teams/33.png,https://media.api-sports.io/football/teams/39.png
710731,2022-01-11,41.0,55.0,4.0,1.0,St. Mary's Stadium,Southampton,Brentford,https://media.api-sports.io/football/teams/41.png,https://media.api-sports.io/football/teams/55.png
710727,2022-01-11,45.0,46.0,,,Goodison Park,Everton,Leicester,https://media.api-sports.io/football/teams/45.png,https://media.api-sports.io/football/teams/46.png
710734,2022-01-12,48.0,71.0,2.0,0.0,London Stadium,West Ham,Norwich,https://media.api-sports.io/football/teams/48.png,https://media.api-sports.io/football/teams/71.png
710767,2022-01-14,51.0,52.0,1.0,1.0,The American Express Community Stadium,Brighton,Crystal Palace,https://media.api-sports.io/football/teams/51.png,https://media.api-sports.io/football/teams/52.png
710770,2022-01-15,50.0,49.0,1.0,0.0,Etihad Stadium,Manchester City,Chelsea,https://media.api-sports.io/football/teams/50.png,https://media.api-sports.io/football/teams/49.png
710771,2022-01-15,34.0,38.0,1.0,1.0,St. James' Park,Newcastle,Watford,https://media.api-sports.io/football/teams/34.png,https://media.api-sports.io/football/teams/38.png
710772,2022-01-15,71.0,45.0,2.0,1.0,Carrow Road,Norwich,Everton,https://media.api-sports.io/football/teams/71.png,https://media.api-sports.io/football/teams/45.png
710775,2022-01-15,39.0,41.0,3.0,1.0,Molineux Stadium,Wolves,Southampton,https://media.api-sports.io/football/teams/39.png,https://media.api-sports.io/football/teams/41.png
710766,2022-01-15,66.0,33.0,2.0,2.0,Villa Park,Aston Villa,Manchester United,https://media.api-sports.io/football/teams/66.png,https://media.api-sports.io/football/teams/33.png
710769,2022-01-16,40.0,55.0,3.0,0.0,Anfield,Liverpool,Brentford,https://media.api-sports.io/football/teams/40.png,https://media.api-sports.io/football/teams/55.png
710774,2022-01-16,48.0,63.0,2.0,3.0,London Stadium,West Ham,Leeds,https://media.api-sports.io/football/teams/48.png,https://media.api-sports.io/football/teams/63.png
710773,2022-01-16,47.0,42.0,,,Tottenham Hotspur Stadium,Tottenham,Arsenal,https://media.api-sports.io/football/teams/47.png,https://media.api-sports.io/football/teams/42.png
710787,2022-01-18,51.0,49.0,1.0,1.0,The American Express Community Stadium,Brighton,Chelsea,https://media.api-sports.io/football/teams/51.png,https://media.api-sports.io/football/teams/49.png
710720,2022-01-19,46.0,47.0,2.0,3.0,King Power Stadium,Leicester,Tottenham,https://media.api-sports.io/football/teams/46.png,https://media.api-sports.io/football/teams/47.png
710717,2022-01-19,55.0,33.0,1.0,3.0,Brentford Community Stadium,Brentford,Manchester United,https://media.api-sports.io/football/teams/55.png,https://media.api-sports.io/football/teams/33.png
710785,2022-01-21,38.0,71.0,0.0,3.0,Vicarage Road,Watford,Norwich,https://media.api-sports.io/football/teams/38.png,https://media.api-sports.io/football/teams/71.png
710780,2022-01-22,45.0,66.0,0.0,1.0,Goodison Park,Everton,Aston Villa,https://media.api-sports.io/football/teams/45.png,https://media.api-sports.io/football/teams/66.png
710777,2022-01-22,55.0,39.0,1.0,2.0,Brentford Community Stadium,Brentford,Wolves,https://media.api-sports.io/football/teams/55.png,https://media.api-sports.io/football/teams/39.png
710781,2022-01-22,63.0,34.0,0.0,1.0,Elland Road,Leeds,Newcastle,https://media.api-sports.io/football/teams/63.png,https://media.api-sports.io/football/teams/34.png
710783,2022-01-22,33.0,48.0,1.0,0.0,Old Trafford,Manchester United,West Ham,https://media.api-sports.io/football/teams/33.png,https://media.api-sports.io/football/teams/48.png
710784,2022-01-22,41.0,50.0,1.0,1.0,St. Mary's Stadium,Southampton,Manchester City,https://media.api-sports.io/football/teams/41.png,https://media.api-sports.io/football/teams/50.png
710776,2022-01-23,42.0,44.0,0.0,0.0,Emirates Stadium,Arsenal,Burnley,https://media.api-sports.io/football/teams/42.png,https://media.api-sports.io/football/teams/44.png
710779,2022-01-23,52.0,40.0,1.0,3.0,Selhurst Park,Crystal Palace,Liverpool,https://media.api-sports.io/football/teams/52.png,https://media.api-sports.io/football/teams/40.png
710782,2022-01-23,46.0,51.0,1.0,1.0,King Power Stadium,Leicester,Brighton,https://media.api-sports.io/football/teams/46.png,https://media.api-sports.io/football/teams/51.png
710778,2022-01-23,49.0,47.0,2.0,0.0,Stamford Bridge,Chelsea,Tottenham,https://media.api-sports.io/football/teams/49.png,https://media.api-sports.io/football/teams/47.png
710719,2022-02-05,44.0,38.0,0.0,0.0,Turf Moor,Burnley,Watford,https://media.api-sports.io/football/teams/44.png,https://media.api-sports.io/football/teams/38.png
710790,2022-02-08,48.0,38.0,1.0,0.0,London Stadium,West Ham,Watford,https://media.api-sports.io/football/teams/48.png,https://media.api-sports.io/football/teams/38.png
710792,2022-02-08,34.0,45.0,3.0,1.0,St. James' Park,Newcastle,Everton,https://media.api-sports.io/football/teams/34.png,https://media.api-sports.io/football/teams/45.png
710788,2022-02-08,44.0,33.0,1.0,1.0,Turf Moor,Burnley,Manchester United,https://media.api-sports.io/football/teams/44.png,https://media.api-sports.io/football/teams/33.png
710789,2022-02-09,71.0,52.0,1.0,1.0,Carrow Road,Norwich,Crystal Palace,https://media.api-sports.io/football/teams/71.png,https://media.api-sports.io/football/teams/52.png
710793,2022-02-09,47.0,41.0,2.0,3.0,Tottenham Hotspur Stadium,Tottenham,Southampton,https://media.api-sports.io/football/teams/47.png,https://media.api-sports.io/football/teams/41.png
710795,2022-02-09,50.0,55.0,2.0,0.0,Etihad Stadium,Manchester City,Brentford,https://media.api-sports.io/football/teams/50.png,https://media.api-sports.io/football/teams/55.png
710786,2022-02-09,66.0,63.0,3.0,3.0,Villa Park,Aston Villa,Leeds,https://media.api-sports.io/football/teams/66.png,https://media.api-sports.io/football/teams/63.png
710791,2022-02-10,39.0,42.0,0.0,1.0,Molineux Stadium,Wolves,Arsenal,https://media.api-sports.io/football/teams/39.png,https://media.api-sports.io/football/teams/42.png
710794,2022-02-10,40.0,46.0,2.0,0.0,Anfield,Liverpool,Leicester,https://media.api-sports.io/football/teams/40.png,https://media.api-sports.io/football/teams/46.png
710801,2022-02-12,33.0,41.0,1.0,1.0,Old Trafford,Manchester United,Southampton,https://media.api-sports.io/football/teams/33.png,https://media.api-sports.io/football/teams/41.png
710796,2022-02-12,55.0,52.0,0.0,0.0,Brentford Community Stadium,Brentford,Crystal Palace,https://media.api-sports.io/football/teams/55.png,https://media.api-sports.io/football/teams/52.png
710798,2022-02-12,49.0,42.0,,,Stamford Bridge,Chelsea,Arsenal,https://media.api-sports.io/football/teams/49.png,https://media.api-sports.io/football/teams/42.png
710799,2022-02-12,45.0,63.0,3.0,0.0,Goodison Park,Everton,Leeds,https://media.api-sports.io/football/teams/45.png,https://media.api-sports.io/football/teams/63.png
710805,2022-02-12,38.0,51.0,0.0,2.0,Vicarage Road,Watford,Brighton,https://media.api-sports.io/football/teams/38.png,https://media.api-sports.io/football/teams/51.png
710803,2022-02-12,71.0,50.0,0.0,4.0,Carrow Road,Norwich,Manchester City,https://media.api-sports.io/football/teams/71.png,https://media.api-sports.io/football/teams/50.png
710797,2022-02-13,44.0,40.0,0.0,1.0,Turf Moor,Burnley,Liverpool,https://media.api-sports.io/football/teams/44.png,https://media.api-sports.io/football/teams/40.png
710802,2022-02-13,34.0,66.0,1.0,0.0,St. James' Park,Newcastle,Aston Villa,https://media.api-sports.io/football/teams/34.png,https://media.api-sports.io/football/teams/66.png
710804,2022-02-13,47.0,39.0,0.0,2.0,Tottenham Hotspur Stadium,Tottenham,Wolves,https://media.api-sports.io/football/teams/47.png,https://media.api-sports.io/football/teams/39.png
710800,2022-02-13,46.0,48.0,2.0,2.0,King Power Stadium,Leicester,West Ham,https://media.api-sports.io/football/teams/46.png,https://media.api-sports.io/football/teams/48.png
710729,2022-02-15,33.0,51.0,,,Old Trafford,Manchester United,Brighton,https://media.api-sports.io/football/teams/33.png,https://media.api-sports.io/football/teams/51.png
710814,2022-02-19,48.0,34.0,,,London Stadium,West Ham,Newcastle,https://media.api-sports.io/football/teams/48.png,https://media.api-sports.io/football/teams/34.png
710806,2022-02-19,42.0,55.0,,,Emirates Stadium,Arsenal,Brentford,https://media.api-sports.io/football/teams/42.png,https://media.api-sports.io/football/teams/55.png
710807,2022-02-19,66.0,38.0,,,Villa Park,Aston Villa,Watford,https://media.api-sports.io/football/teams/66.png,https://media.api-sports.io/football/teams/38.png
710808,2022-02-19,51.0,44.0,,,The American Express Community Stadium,Brighton,Burnley,https://media.api-sports.io/football/teams/51.png,https://media.api-sports.io/football/teams/44.png
710809,2022-02-19,52.0,49.0,,,Selhurst Park,Crystal Palace,Chelsea,https://media.api-sports.io/football/teams/52.png,https://media.api-sports.io/football/teams/49.png
710811,2022-02-19,40.0,71.0,,,Anfield,Liverpool,Norwich,https://media.api-sports.io/football/teams/40.png,https://media.api-sports.io/football/teams/71.png
710813,2022-02-19,41.0,45.0,,,St. Mary's Stadium,Southampton,Everton,https://media.api-sports.io/football/teams/41.png,https://media.api-sports.io/football/teams/45.png
710812,2022-02-19,50.0,47.0,,,Etihad Stadium,Manchester City,Tottenham,https://media.api-sports.io/football/teams/50.png,https://media.api-sports.io/football/teams/47.png
710810,2022-02-20,63.0,33.0,,,Elland Road,Leeds,Manchester United,https://media.api-sports.io/football/teams/63.png,https://media.api-sports.io/football/teams/33.png
710815,2022-02-20,39.0,46.0,,,Molineux Stadium,Wolves,Leicester,https://media.api-sports.io/football/teams/39.png,https://media.api-sports.io/football/teams/46.png
710679,2022-02-23,44.0,47.0,,,Turf Moor,Burnley,Tottenham,https://media.api-sports.io/football/teams/44.png,https://media.api-sports.io/football/teams/47.png
710733,2022-02-23,38.0,52.0,,,Vicarage Road,Watford,Crystal Palace,https://media.api-sports.io/football/teams/38.png,https://media.api-sports.io/football/teams/52.png
710739,2022-02-23,40.0,63.0,,,Anfield,Liverpool,Leeds,https://media.api-sports.io/football/teams/40.png,https://media.api-sports.io/football/teams/63.png
710746,2022-02-24,42.0,39.0,,,Emirates Stadium,Arsenal,Wolves,https://media.api-sports.io/football/teams/42.png,https://media.api-sports.io/football/teams/39.png
710824,2022-02-25,41.0,71.0,,,St. Mary's Stadium,Southampton,Norwich,https://media.api-sports.io/football/teams/41.png,https://media.api-sports.io/football/teams/71.png
710822,2022-02-26,63.0,47.0,,,Elland Road,Leeds,Tottenham,https://media.api-sports.io/football/teams/63.png,https://media.api-sports.io/football/teams/47.png
710816,2022-02-26,42.0,40.0,,,Emirates Stadium,Arsenal,Liverpool,https://media.api-sports.io/football/teams/42.png,https://media.api-sports.io/football/teams/40.png
710817,2022-02-26,55.0,34.0,,,Brentford Community Stadium,Brentford,Newcastle,https://media.api-sports.io/football/teams/55.png,https://media.api-sports.io/football/teams/34.png
710818,2022-02-26,51.0,66.0,,,The American Express Community Stadium,Brighton,Aston Villa,https://media.api-sports.io/football/teams/51.png,https://media.api-sports.io/football/teams/66.png
710820,2022-02-26,52.0,44.0,,,Selhurst Park,Crystal Palace,Burnley,https://media.api-sports.io/football/teams/52.png,https://media.api-sports.io/football/teams/44.png
710823,2022-02-26,33.0,38.0,,,Old Trafford,Manchester United,Watford,https://media.api-sports.io/football/teams/33.png,https://media.api-sports.io/football/teams/38.png
710821,2022-02-26,45.0,50.0,,,Goodison Park,Everton,Manchester City,https://media.api-sports.io/football/teams/45.png,https://media.api-sports.io/football/teams/50.png
710819,2022-02-27,49.0,46.0,,,Stamford Bridge,Chelsea,Leicester,https://media.api-sports.io/football/teams/49.png,https://media.api-sports.io/football/teams/46.png
710825,2022-02-27,48.0,39.0,,,London Stadium,West Ham,Wolves,https://media.api-sports.io/football/teams/48.png,https://media.api-sports.io/football/teams/39.png
710768,2022-03-01,44.0,46.0,,,Turf Moor,Burnley,Leicester,https://media.api-sports.io/football/teams/44.png,https://media.api-sports.io/football/teams/46.png
710828,2022-03-05,46.0,63.0,,,King Power Stadium,Leicester,Leeds,https://media.api-sports.io/football/teams/46.png,https://media.api-sports.io/football/teams/63.png
710826,2022-03-05,66.0,41.0,,,Villa Park,Aston Villa,Southampton,https://media.api-sports.io/football/teams/66.png,https://media.api-sports.io/football/teams/41.png
710827,2022-03-05,44.0,49.0,,,Turf Moor,Burnley,Chelsea,https://media.api-sports.io/football/teams/44.png,https://media.api-sports.io/football/teams/49.png
710831,2022-03-05,34.0,51.0,,,St. James' Park,Newcastle,Brighton,https://media.api-sports.io/football/teams/34.png,https://media.api-sports.io/football/teams/51.png
710832,2022-03-05,71.0,55.0,,,Carrow Road,Norwich,Brentford,https://media.api-sports.io/football/teams/71.png,https://media.api-sports.io/football/teams/55.png
710835,2022-03-05,39.0,52.0,,,Molineux Stadium,Wolves,Crystal Palace,https://media.api-sports.io/football/teams/39.png,https://media.api-sports.io/football/teams/52.png
710829,2022-03-05,40.0,48.0,,,Anfield,Liverpool,West Ham,https://media.api-sports.io/football/teams/40.png,https://media.api-sports.io/football/teams/48.png
710834,2022-03-06,38.0,42.0,,,Vicarage Road,Watford,Arsenal,https://media.api-sports.io/football/teams/38.png,https://media.api-sports.io/football/teams/42.png
710830,2022-03-06,50.0,33.0,,,Etihad Stadium,Manchester City,Manchester United,https://media.api-sports.io/football/teams/50.png,https://media.api-sports.io/football/teams/33.png
710833,2022-03-07,47.0,45.0,,,Tottenham Hotspur Stadium,Tottenham,Everton,https://media.api-sports.io/football/teams/47.png,https://media.api-sports.io/football/teams/45.png
710838,2022-03-12,51.0,40.0,,,The American Express Community Stadium,Brighton,Liverpool,https://media.api-sports.io/football/teams/51.png,https://media.api-sports.io/football/teams/40.png
710837,2022-03-12,55.0,44.0,,,Brentford Community Stadium,Brentford,Burnley,https://media.api-sports.io/football/teams/55.png,https://media.api-sports.io/football/teams/44.png
710841,2022-03-12,45.0,39.0,,,Goodison Park,Everton,Wolves,https://media.api-sports.io/football/teams/45.png,https://media.api-sports.io/football/teams/39.png
710842,2022-03-12,63.0,71.0,,,Elland Road,Leeds,Norwich,https://media.api-sports.io/football/teams/63.png,https://media.api-sports.io/football/teams/71.png
710844,2022-03-12,41.0,38.0,,,St. Mary's Stadium,Southampton,Watford,https://media.api-sports.io/football/teams/41.png,https://media.api-sports.io/football/teams/38.png
710843,2022-03-12,33.0,47.0,,,Old Trafford,Manchester United,Tottenham,https://media.api-sports.io/football/teams/33.png,https://media.api-sports.io/football/teams/47.png
710839,2022-03-13,49.0,34.0,,,Stamford Bridge,Chelsea,Newcastle,https://media.api-sports.io/football/teams/49.png,https://media.api-sports.io/football/teams/34.png
710845,2022-03-13,48.0,66.0,,,London Stadium,West Ham,Aston Villa,https://media.api-sports.io/football/teams/48.png,https://media.api-sports.io/football/teams/66.png
710836,2022-03-13,42.0,46.0,,,Emirates Stadium,Arsenal,Leicester,https://media.api-sports.io/football/teams/42.png,https://media.api-sports.io/football/teams/46.png
710840,2022-03-14,52.0,50.0,,,Selhurst Park,Crystal Palace,Manchester City,https://media.api-sports.io/football/teams/52.png,https://media.api-sports.io/football/teams/50.png
710855,2022-03-18,39.0,63.0,,,Molineux Stadium,Wolves,Leeds,https://media.api-sports.io/football/teams/39.png,https://media.api-sports.io/football/teams/63.png
710846,2022-03-19,66.0,42.0,,,Villa Park,Aston Villa,Arsenal,https://media.api-sports.io/football/teams/66.png,https://media.api-sports.io/football/teams/42.png
710848,2022-03-19,46.0,55.0,,,King Power Stadium,Leicester,Brentford,https://media.api-sports.io/football/teams/46.png,https://media.api-sports.io/football/teams/55.png
710850,2022-03-19,50.0,51.0,,,Etihad Stadium,Manchester City,Brighton,https://media.api-sports.io/football/teams/50.png,https://media.api-sports.io/football/teams/51.png
710851,2022-03-19,34.0,52.0,,,St. James' Park,Newcastle,Crystal Palace,https://media.api-sports.io/football/teams/34.png,https://media.api-sports.io/football/teams/52.png
710852,2022-03-19,71.0,49.0,,,Carrow Road,Norwich,Chelsea,https://media.api-sports.io/football/teams/71.png,https://media.api-sports.io/football/teams/49.png
710854,2022-03-19,38.0,45.0,,,Vicarage Road,Watford,Everton,https://media.api-sports.io/football/teams/38.png,https://media.api-sports.io/football/teams/45.png
710847,2022-03-19,44.0,41.0,,,Turf Moor,Burnley,Southampton,https://media.api-sports.io/football/teams/44.png,https://media.api-sports.io/football/teams/41.png
710853,2022-03-20,47.0,48.0,,,Tottenham Hotspur Stadium,Tottenham,West Ham,https://media.api-sports.io/football/teams/47.png,https://media.api-sports.io/football/teams/48.png
710849,2022-03-20,40.0,33.0,,,Anfield,Liverpool,Manchester United,https://media.api-sports.io/football/teams/40.png,https://media.api-sports.io/football/teams/33.png
710856,2022-04-02,51.0,71.0,,,The American Express Community Stadium,Brighton,Norwich,https://media.api-sports.io/football/teams/51.png,https://media.api-sports.io/football/teams/71.png
710857,2022-04-02,44.0,50.0,,,Turf Moor,Burnley,Manchester City,https://media.api-sports.io/football/teams/44.png,https://media.api-sports.io/football/teams/50.png
710858,2022-04-02,49.0,55.0,,,Stamford Bridge,Chelsea,Brentford,https://media.api-sports.io/football/teams/49.png,https://media.api-sports.io/football/teams/55.png
710859,2022-04-02,52.0,42.0,,,Selhurst Park,Crystal Palace,Arsenal,https://media.api-sports.io/football/teams/52.png,https://media.api-sports.io/football/teams/42.png
710860,2022-04-02,63.0,41.0,,,Elland Road,Leeds,Southampton,https://media.api-sports.io/football/teams/63.png,https://media.api-sports.io/football/teams/41.png
710861,2022-04-02,40.0,38.0,,,Anfield,Liverpool,Watford,https://media.api-sports.io/football/teams/40.png,https://media.api-sports.io/football/teams/38.png
710862,2022-04-02,33.0,46.0,,,Old Trafford,Manchester United,Leicester,https://media.api-sports.io/football/teams/33.png,https://media.api-sports.io/football/teams/46.png
710863,2022-04-02,47.0,34.0,,,Tottenham Hotspur Stadium,Tottenham,Newcastle,https://media.api-sports.io/football/teams/47.png,https://media.api-sports.io/football/teams/34.png
710864,2022-04-02,48.0,45.0,,,London Stadium,West Ham,Everton,https://media.api-sports.io/football/teams/48.png,https://media.api-sports.io/football/teams/45.png
710865,2022-04-02,39.0,66.0,,,Molineux Stadium,Wolves,Aston Villa,https://media.api-sports.io/football/teams/39.png,https://media.api-sports.io/football/teams/66.png
710866,2022-04-09,42.0,51.0,,,Emirates Stadium,Arsenal,Brighton,https://media.api-sports.io/football/teams/42.png,https://media.api-sports.io/football/teams/51.png
710867,2022-04-09,66.0,47.0,,,Villa Park,Aston Villa,Tottenham,https://media.api-sports.io/football/teams/66.png,https://media.api-sports.io/football/teams/47.png
710868,2022-04-09,55.0,48.0,,,Brentford Community Stadium,Brentford,West Ham,https://media.api-sports.io/football/teams/55.png,https://media.api-sports.io/football/teams/48.png
710869,2022-04-09,45.0,33.0,,,Goodison Park,Everton,Manchester United,https://media.api-sports.io/football/teams/45.png,https://media.api-sports.io/football/teams/33.png
710870,2022-04-09,46.0,52.0,,,King Power Stadium,Leicester,Crystal Palace,https://media.api-sports.io/football/teams/46.png,https://media.api-sports.io/football/teams/52.png
710871,2022-04-09,50.0,40.0,,,Etihad Stadium,Manchester City,Liverpool,https://media.api-sports.io/football/teams/50.png,https://media.api-sports.io/football/teams/40.png
710872,2022-04-09,34.0,39.0,,,St. James' Park,Newcastle,Wolves,https://media.api-sports.io/football/teams/34.png,https://media.api-sports.io/football/teams/39.png
710873,2022-04-09,71.0,44.0,,,Carrow Road,Norwich,Burnley,https://media.api-sports.io/football/teams/71.png,https://media.api-sports.io/football/teams/44.png
710874,2022-04-09,41.0,49.0,,,St. Mary's Stadium,Southampton,Chelsea,https://media.api-sports.io/football/teams/41.png,https://media.api-sports.io/football/teams/49.png
710875,2022-04-09,38.0,63.0,,,Vicarage Road,Watford,Leeds,https://media.api-sports.io/football/teams/38.png,https://media.api-sports.io/football/teams/63.png
710876,2022-04-16,66.0,40.0,,,Villa Park,Aston Villa,Liverpool,https://media.api-sports.io/football/teams/66.png,https://media.api-sports.io/football/teams/40.png
710877,2022-04-16,45.0,52.0,,,Goodison Park,Everton,Crystal Palace,https://media.api-sports.io/football/teams/45.png,https://media.api-sports.io/football/teams/52.png
710878,2022-04-16,63.0,49.0,,,Elland Road,Leeds,Chelsea,https://media.api-sports.io/football/teams/63.png,https://media.api-sports.io/football/teams/49.png
710879,2022-04-16,33.0,71.0,,,Old Trafford,Manchester United,Norwich,https://media.api-sports.io/football/teams/33.png,https://media.api-sports.io/football/teams/71.png
710880,2022-04-16,34.0,46.0,,,St. James' Park,Newcastle,Leicester,https://media.api-sports.io/football/teams/34.png,https://media.api-sports.io/football/teams/46.png
710881,2022-04-16,41.0,42.0,,,St. Mary's Stadium,Southampton,Arsenal,https://media.api-sports.io/football/teams/41.png,https://media.api-sports.io/football/teams/42.png
710882,2022-04-16,47.0,51.0,,,Tottenham Hotspur Stadium,Tottenham,Brighton,https://media.api-sports.io/football/teams/47.png,https://media.api-sports.io/football/teams/51.png
710883,2022-04-16,38.0,55.0,,,Vicarage Road,Watford,Brentford,https://media.api-sports.io/football/teams/38.png,https://media.api-sports.io/football/teams/55.png
710884,2022-04-16,48.0,44.0,,,London Stadium,West Ham,Burnley,https://media.api-sports.io/football/teams/48.png,https://media.api-sports.io/football/teams/44.png
710885,2022-04-16,39.0,50.0,,,Molineux Stadium,Wolves,Manchester City,https://media.api-sports.io/football/teams/39.png,https://media.api-sports.io/football/teams/50.png
710886,2022-04-23,42.0,33.0,,,Emirates Stadium,Arsenal,Manchester United,https://media.api-sports.io/football/teams/42.png,https://media.api-sports.io/football/teams/33.png
710887,2022-04-23,55.0,47.0,,,Brentford Community Stadium,Brentford,Tottenham,https://media.api-sports.io/football/teams/55.png,https://media.api-sports.io/football/teams/47.png
710888,2022-04-23,51.0,41.0,,,The American Express Community Stadium,Brighton,Southampton,https://media.api-sports.io/football/teams/51.png,https://media.api-sports.io/football/teams/41.png
710889,2022-04-23,44.0,39.0,,,Turf Moor,Burnley,Wolves,https://media.api-sports.io/football/teams/44.png,https://media.api-sports.io/football/teams/39.png
710890,2022-04-23,49.0,48.0,,,Stamford Bridge,Chelsea,West Ham,https://media.api-sports.io/football/teams/49.png,https://media.api-sports.io/football/teams/48.png
710891,2022-04-23,52.0,63.0,,,Selhurst Park,Crystal Palace,Leeds,https://media.api-sports.io/football/teams/52.png,https://media.api-sports.io/football/teams/63.png
710892,2022-04-23,46.0,66.0,,,King Power Stadium,Leicester,Aston Villa,https://media.api-sports.io/football/teams/46.png,https://media.api-sports.io/football/teams/66.png
710893,2022-04-23,40.0,45.0,,,Anfield,Liverpool,Everton,https://media.api-sports.io/football/teams/40.png,https://media.api-sports.io/football/teams/45.png
710894,2022-04-23,50.0,38.0,,,Etihad Stadium,Manchester City,Watford,https://media.api-sports.io/football/teams/50.png,https://media.api-sports.io/football/teams/38.png
710895,2022-04-23,71.0,34.0,,,Carrow Road,Norwich,Newcastle,https://media.api-sports.io/football/teams/71.png,https://media.api-sports.io/football/teams/34.png
710896,2022-04-30,66.0,71.0,,,Villa Park,Aston Villa,Norwich,https://media.api-sports.io/football/teams/66.png,https://media.api-sports.io/football/teams/71.png
710897,2022-04-30,45.0,49.0,,,Goodison Park,Everton,Chelsea,https://media.api-sports.io/football/teams/45.png,https://media.api-sports.io/football/teams/49.png
710898,2022-04-30,63.0,50.0,,,Elland Road,Leeds,Manchester City,https://media.api-sports.io/football/teams/63.png,https://media.api-sports.io/football/teams/50.png
710899,2022-04-30,33.0,55.0,,,Old Trafford,Manchester United,Brentford,https://media.api-sports.io/football/teams/33.png,https://media.api-sports.io/football/teams/55.png
710900,2022-04-30,34.0,40.0,,,St. James' Park,Newcastle,Liverpool,https://media.api-sports.io/football/teams/34.png,https://media.api-sports.io/football/teams/40.png
710901,2022-04-30,41.0,52.0,,,St. Mary's Stadium,Southampton,Crystal Palace,https://media.api-sports.io/football/teams/41.png,https://media.api-sports.io/football/teams/52.png
710902,2022-04-30,47.0,46.0,,,Tottenham Hotspur Stadium,Tottenham,Leicester,https://media.api-sports.io/football/teams/47.png,https://media.api-sports.io/football/teams/46.png
710903,2022-04-30,38.0,44.0,,,Vicarage Road,Watford,Burnley,https://media.api-sports.io/football/teams/38.png,https://media.api-sports.io/football/teams/44.png
710904,2022-04-30,48.0,42.0,,,London Stadium,West Ham,Arsenal,https://media.api-sports.io/football/teams/48.png,https://media.api-sports.io/football/teams/42.png
710905,2022-04-30,39.0,51.0,,,Molineux Stadium,Wolves,Brighton,https://media.api-sports.io/football/teams/39.png,https://media.api-sports.io/football/teams/51.png
710906,2022-05-07,42.0,63.0,,,Emirates Stadium,Arsenal,Leeds,https://media.api-sports.io/football/teams/42.png,https://media.api-sports.io/football/teams/63.png
710907,2022-05-07,55.0,41.0,,,Brentford Community Stadium,Brentford,Southampton,https://media.api-sports.io/football/teams/55.png,https://media.api-sports.io/football/teams/41.png
710908,2022-05-07,51.0,33.0,,,The American Express Community Stadium,Brighton,Manchester United,https://media.api-sports.io/football/teams/51.png,https://media.api-sports.io/football/teams/33.png
710909,2022-05-07,44.0,66.0,,,Turf Moor,Burnley,Aston Villa,https://media.api-sports.io/football/teams/44.png,https://media.api-sports.io/football/teams/66.png
710910,2022-05-07,49.0,39.0,,,Stamford Bridge,Chelsea,Wolves,https://media.api-sports.io/football/teams/49.png,https://media.api-sports.io/football/teams/39.png
710911,2022-05-07,52.0,38.0,,,Selhurst Park,Crystal Palace,Watford,https://media.api-sports.io/football/teams/52.png,https://media.api-sports.io/football/teams/38.png
710912,2022-05-07,46.0,45.0,,,King Power Stadium,Leicester,Everton,https://media.api-sports.io/football/teams/46.png,https://media.api-sports.io/football/teams/45.png
710913,2022-05-07,40.0,47.0,,,Anfield,Liverpool,Tottenham,https://media.api-sports.io/football/teams/40.png,https://media.api-sports.io/football/teams/47.png
710914,2022-05-07,50.0,34.0,,,Etihad Stadium,Manchester City,Newcastle,https://media.api-sports.io/football/teams/50.png,https://media.api-sports.io/football/teams/34.png
710915,2022-05-07,71.0,48.0,,,Carrow Road,Norwich,West Ham,https://media.api-sports.io/football/teams/71.png,https://media.api-sports.io/football/teams/48.png
710916,2022-05-15,66.0,52.0,,,Villa Park,Aston Villa,Crystal Palace,https://media.api-sports.io/football/teams/66.png,https://media.api-sports.io/football/teams/52.png
710917,2022-05-15,45.0,55.0,,,Goodison Park,Everton,Brentford,https://media.api-sports.io/football/teams/45.png,https://media.api-sports.io/football/teams/55.png
710918,2022-05-15,63.0,51.0,,,Elland Road,Leeds,Brighton,https://media.api-sports.io/football/teams/63.png,https://media.api-sports.io/football/teams/51.png
710919,2022-05-15,33.0,49.0,,,Old Trafford,Manchester United,Chelsea,https://media.api-sports.io/football/teams/33.png,https://media.api-sports.io/football/teams/49.png
710920,2022-05-15,34.0,42.0,,,St. James' Park,Newcastle,Arsenal,https://media.api-sports.io/football/teams/34.png,https://media.api-sports.io/football/teams/42.png
710921,2022-05-15,41.0,40.0,,,St. Mary's Stadium,Southampton,Liverpool,https://media.api-sports.io/football/teams/41.png,https://media.api-sports.io/football/teams/40.png
710922,2022-05-15,47.0,44.0,,,Tottenham Hotspur Stadium,Tottenham,Burnley,https://media.api-sports.io/football/teams/47.png,https://media.api-sports.io/football/teams/44.png
710923,2022-05-15,38.0,46.0,,,Vicarage Road,Watford,Leicester,https://media.api-sports.io/football/teams/38.png,https://media.api-sports.io/football/teams/46.png
710924,2022-05-15,48.0,50.0,,,London Stadium,West Ham,Manchester City,https://media.api-sports.io/football/teams/48.png,https://media.api-sports.io/football/teams/50.png
710925,2022-05-15,39.0,71.0,,,Molineux Stadium,Wolves,Norwich,https://media.api-sports.io/football/teams/39.png,https://media.api-sports.io/football/teams/71.png
710926,2022-05-22,42.0,45.0,,,Emirates Stadium,Arsenal,Everton,https://media.api-sports.io/football/teams/42.png,https://media.api-sports.io/football/teams/45.png
710927,2022-05-22,55.0,63.0,,,Brentford Community Stadium,Brentford,Leeds,https://media.api-sports.io/football/teams/55.png,https://media.api-sports.io/football/teams/63.png
710928,2022-05-22,51.0,48.0,,,The American Express Community Stadium,Brighton,West Ham,https://media.api-sports.io/football/teams/51.png,https://media.api-sports.io/football/teams/48.png
710929,2022-05-22,44.0,34.0,,,Turf Moor,Burnley,Newcastle,https://media.api-sports.io/football/teams/44.png,https://media.api-sports.io/football/teams/34.png
710930,2022-05-22,49.0,38.0,,,Stamford Bridge,Chelsea,Watford,https://media.api-sports.io/football/teams/49.png,https://media.api-sports.io/football/teams/38.png
710931,2022-05-22,52.0,33.0,,,Selhurst Park,Crystal Palace,Manchester United,https://media.api-sports.io/football/teams/52.png,https://media.api-sports.io/football/teams/33.png
710932,2022-05-22,46.0,41.0,,,King Power Stadium,Leicester,Southampton,https://media.api-sports.io/football/teams/46.png,https://media.api-sports.io/football/teams/41.png
710933,2022-05-22,40.0,39.0,,,Anfield,Liverpool,Wolves,https://media.api-sports.io/football/teams/40.png,https://media.api-sports.io/football/teams/39.png
710934,2022-05-22,50.0,66.0,,,Etihad Stadium,Manchester City,Aston Villa,https://media.api-sports.io/football/teams/50.png,https://media.api-sports.io/football/teams/66.png
710935,2022-05-22,71.0,47.0,,,Carrow Road,Norwich,Tottenham,https://media.api-sports.io/football/teams/71.png,https://media.api-sports.io/football/teams/47.png
